EMP_ID,SALARY_MONTH,GROSS_SALARY,NET_SALARY,BONUS
1001,2023-01,56836,54247,1132
1001,2023-01,71395,68377,4336
1001,2023-03,72524,68210,2863
1002,2023-01,63840,59324,1627
1002,2023-01,56991,54795,3146
1002,2023-03,85906,82803,3187
1003,2023-01,52156,49802,1940
1003,2023-01,89044,84734,1332
1003,2023-03,80388,76309,2355
1004,2023-01,66961,64184,2972
1004,2023-01,56043,51559,3932
1004,2023-03,87932,84204,4878
1005,2023-01,65872,63112,3279
1005,2023-01,60392,56314,4074
1005,2023-03,84523,80990,2966
1006,2023-01,66521,62222,4357
1006,2023-01,57915,53806,4975
1006,2023-03,56490,53963,1070
1007,2023-01,70631,68404,4147
1007,2023-01,79663,76237,3651
1007,2023-03,61698,58508,1697
1008,2023-01,77119,72608,4573
1008,2023-01,72667,69628,3322
1008,2023-03,79620,76279,4139
1009,2023-01,51058,47539,1354
1009,2023-01,86172,83661,4921
1009,2023-03,62664,58880,1946
1010,2023-01,61657,58652,1809
1010,2023-01,88472,84982,4012
1010,2023-03,50104,46702,4907
1011,2023-01,85859,83604,3442
1011,2023-01,56389,54046,3303
1011,2023-03,67333,64749,4257
1012,2023-01,88112,85713,3169
1012,2023-01,61451,58868,1812
1012,2023-03,55624,52201,3428
1013,2023-01,69062,64443,3988
1013,2023-01,79389,75369,1581
1013,2023-03,66770,62522,1056
1014,2023-01,70776,66518,3253
1014,2023-01,70404,65468,3459
1014,2023-03,51898,48677,3150
1015,2023-01,52879,49644,1134
1015,2023-01,52181,49271,2357
1015,2023-03,53559,51468,3152
1016,2023-01,63084,59390,1683
1016,2023-01,61932,59645,1848
1016,2023-03,52448,50041,2035
1017,2023-01,77888,75201,2319
1017,2023-01,89068,84599,4439
1017,2023-03,70540,66521,1560
1018,2023-01,76342,73532,2658
1018,2023-01,64404,61327,3074
1018,2023-03,54419,49687,1141
1019,2023-01,77289,74059,1000
1019,2023-01,85236,82421,1108
1019,2023-03,67505,63835,1771
1020,2023-01,71497,67869,3860
1020,2023-01,72184,70053,1578
1020,2023-03,82264,79536,3405
1021,2023-01,70553,67155,4838
1021,2023-01,78553,74103,4046
1021,2023-03,56422,53508,2670
1022,2023-01,61695,58478,4248
1022,2023-01,83352,79912,4381
1022,2023-03,57649,54680,4737
1023,2023-01,70102,66960,3454
1023,2023-01,53966,49379,2135
1023,2023-03,54666,51534,2012
1024,2023-01,87399,84372,1052
1024,2023-01,81643,77719,3756
1024,2023-03,60161,58131,1325
1025,2023-01,68888,64233,4043
1025,2023-01,68544,65599,2436
1025,2023-03,78418,75385,3958
1026,2023-01,86415,82293,1690
1026,2023-01,80618,78528,2388
1026,2023-03,83733,78932,1060
1027,2023-01,82329,77542,4405
1027,2023-01,55588,51777,1124
1027,2023-03,82980,80932,4915
1028,2023-01,67890,63581,2401
1028,2023-01,66116,62380,4483
1028,2023-03,75256,70457,2754
1029,2023-01,66216,63671,2953
1029,2023-01,70542,66220,2297
1029,2023-03,60574,56223,3275
1030,2023-01,51156,47487,1150
1030,2023-01,64964,62550,2747
1030,2023-03,78495,75500,1964
1031,2023-01,61426,58273,4433
1031,2023-01,54144,51297,4865
1031,2023-03,69969,67715,2150
1032,2023-01,77085,74603,1316
1032,2023-01,81583,77280,4130
1032,2023-03,85397,80827,1240
1033,2023-01,72563,70465,2231
1033,2023-01,60007,56578,2295
1033,2023-03,79604,76174,1292
1034,2023-01,60088,57008,1093
1034,2023-01,78662,74480,3860
1034,2023-03,56009,51025,1802
1035,2023-01,63458,58691,1164
1035,2023-01,81739,77241,3994
1035,2023-03,78660,75906,3235
1036,2023-01,88921,84047,4155
1036,2023-01,62810,59787,1677
1036,2023-03,75067,72196,4847
1037,2023-01,73217,68832,3228
1037,2023-01,86396,82981,1452
1037,2023-03,85605,82441,3598
1038,2023-01,78989,74295,2405
1038,2023-01,72232,68760,1119
1038,2023-03,67474,65240,2312
1039,2023-01,77710,73440,4100
1039,2023-01,86213,83082,3379
1039,2023-03,68780,66202,4264
1040,2023-01,54641,52152,1548
1040,2023-01,58761,56438,1655
1040,2023-03,72580,67600,2561
1041,2023-01,66227,61976,3430
1041,2023-01,87758,83901,4478
1041,2023-03,51167,48993,3519
1042,2023-01,55825,52466,3781
1042,2023-01,76903,73120,3219
1042,2023-03,87299,82924,1555
1043,2023-01,53096,48853,3195
1043,2023-01,58747,55813,4988
1043,2023-03,67054,62190,3350
1044,2023-01,89189,86317,3393
1044,2023-01,60397,55881,3605
1044,2023-03,52377,49075,1598
1045,2023-01,87528,83562,1474
1045,2023-01,56326,52505,4303
1045,2023-03,72643,67878,2330
1046,2023-01,78949,76803,3637
1046,2023-01,60086,56646,1226
1046,2023-03,70206,67977,3720
1047,2023-01,70107,66251,2488
1047,2023-01,82863,79273,3267
1047,2023-03,57330,54294,3725
1048,2023-01,61116,57330,3901
1048,2023-01,69050,65089,3568
1048,2023-03,69324,66868,2133
1049,2023-01,57276,52407,2259
1049,2023-01,81999,78540,3466
1049,2023-03,83611,80584,1136
1050,2023-01,50969,47554,4853
1050,2023-01,60689,56019,2235
1050,2023-03,60548,56752,4260
1051,2023-01,50995,47155,2978
1051,2023-01,70296,65416,1667
1051,2023-03,51963,48981,3149
1052,2023-01,51465,47958,3008
1052,2023-01,85712,81048,1624
1052,2023-03,65699,62607,2647
1053,2023-01,78165,74627,2861
1053,2023-01,79369,74754,2693
1053,2023-03,73765,71448,3627
1054,2023-01,89093,86452,4957
1054,2023-01,75838,73497,1670
1054,2023-03,51328,47808,1724
1055,2023-01,86582,83906,1045
1055,2023-01,55197,51703,2091
1055,2023-03,54151,50661,3441
1056,2023-01,89454,86804,4804
1056,2023-01,88352,85174,2326
1056,2023-03,72228,67674,3949
1057,2023-01,72508,69063,4463
1057,2023-01,65371,62151,3668
1057,2023-03,59871,57695,3960
1058,2023-01,80261,76963,2432
1058,2023-01,66014,61621,1692
1058,2023-03,58272,55517,1135
1059,2023-01,84939,82759,2384
1059,2023-01,64865,61861,3942
1059,2023-03,66684,63078,4144
1060,2023-01,79441,76979,4983
1060,2023-01,86178,82421,3227
1060,2023-03,57738,52823,1273
1061,2023-01,53064,50973,4914
1061,2023-01,66388,61922,4066
1061,2023-03,88812,85165,4493
1062,2023-01,70154,65300,3093
1062,2023-01,59361,54385,4341
1062,2023-03,70146,67582,4405
1063,2023-01,66866,62564,3650
1063,2023-01,59508,57408,2659
1063,2023-03,61157,59065,3566
1064,2023-01,89598,87348,2847
1064,2023-01,75320,72596,1176
1064,2023-03,59522,56634,1118
1065,2023-01,66124,61445,4616
1065,2023-01,51205,47398,3208
1065,2023-03,78200,74841,1156
1066,2023-01,65244,62696,4717
1066,2023-01,82239,79270,2795
1066,2023-03,85223,81331,4359
1067,2023-01,84774,80268,3905
1067,2023-01,81344,77539,3974
1067,2023-03,53592,49893,4450
1068,2023-01,72506,68821,4561
1068,2023-01,53753,50119,1152
1068,2023-03,74663,70730,3307
1069,2023-01,60885,56925,3829
1069,2023-01,78420,74579,1435
1069,2023-03,76089,73067,2984
1070,2023-01,52807,48545,1103
1070,2023-01,57375,52620,3437
1070,2023-03,75383,70784,3787
1071,2023-01,78444,76171,4269
1071,2023-01,71538,68750,4698
1071,2023-03,68378,66368,1538
1072,2023-01,69922,66202,4277
1072,2023-01,84050,79797,1187
1072,2023-03,84847,82132,1842
1073,2023-01,72544,69406,4802
1073,2023-01,56905,53301,4129
1073,2023-03,64790,61009,1215
1074,2023-01,72463,69802,3604
1074,2023-01,80899,78285,3343
1074,2023-03,83375,79844,1743
1075,2023-01,88052,84944,4522
1075,2023-01,55249,50652,3025
1075,2023-03,80602,76899,3238
1076,2023-01,68436,66028,3812
1076,2023-01,79842,77659,2851
1076,2023-03,81778,79111,4818
1077,2023-01,84714,82420,4894
1077,2023-01,76758,74210,2262
1077,2023-03,89112,84624,1290
1078,2023-01,74954,72088,4794
1078,2023-01,84349,81330,4671
1078,2023-03,57589,52810,2701
1079,2023-01,84905,81493,3141
1079,2023-01,62316,59663,1551
1079,2023-03,89246,85068,1890
1080,2023-01,86023,83271,1287
1080,2023-01,78777,75720,3787
1080,2023-03,57308,52691,3597
1081,2023-01,66275,63237,3392
1081,2023-01,75743,73027,3316
1081,2023-03,51738,47984,1820
1082,2023-01,66268,64019,2601
1082,2023-01,87183,84112,3562
1082,2023-03,78253,76093,3734
1083,2023-01,55237,51581,2136
1083,2023-01,52442,48248,3453
1083,2023-03,86908,82085,4711
1084,2023-01,67276,63102,2182
1084,2023-01,52745,48064,4241
1084,2023-03,85180,82351,3014
1085,2023-01,56014,52758,3082
1085,2023-01,66282,63979,4370
1085,2023-03,75129,70592,1510
1086,2023-01,66715,62002,2799
1086,2023-01,64501,62427,1129
1086,2023-03,71441,67990,4681
1087,2023-01,65309,63033,4841
1087,2023-01,82113,78006,2696
1087,2023-03,63160,59796,1178
1088,2023-01,78362,74874,3395
1088,2023-01,69883,65095,3700
1088,2023-03,54950,50329,2431
1089,2023-01,62069,57377,4328
1089,2023-01,72036,67994,4380
1089,2023-03,73378,68689,2960
1090,2023-01,62238,57586,1284
1090,2023-01,59465,56232,3650
1090,2023-03,57454,55326,2558
1091,2023-01,67144,62894,3293
1091,2023-01,66857,64310,1342
1091,2023-03,68182,65468,3070
1092,2023-01,82419,78077,1454
1092,2023-01,71255,66976,4644
1092,2023-03,52868,50418,1573
1093,2023-01,50194,46311,3627
1093,2023-01,53912,48923,4502
1093,2023-03,74330,70703,4398
1094,2023-01,56482,54233,4370
1094,2023-01,77512,73375,2611
1094,2023-03,70800,67469,2844
1095,2023-01,68170,65540,4438
1095,2023-01,55361,50630,1036
1095,2023-03,51164,47712,1545
1096,2023-01,82971,79571,3053
1096,2023-01,82196,79259,2295
1096,2023-03,67205,62989,1289
1097,2023-01,58868,56051,4293
1097,2023-01,88402,84742,2217
1097,2023-03,65231,60759,2898
1098,2023-01,72204,69008,3330
1098,2023-01,89241,85964,1093
1098,2023-03,74355,69442,4245
1099,2023-01,74938,70625,2962
1099,2023-01,61882,59275,4406
1099,2023-03,70795,67444,2698
1100,2023-01,89636,87261,4467
1100,2023-01,76797,73200,4375
1100,2023-03,81201,76367,3845
